Sexo,Cartera
F,4411506712.4847975
M,7312869710.222521
